{"a33b0bbcf76e785163a06c2f80c8ac87":{"deviceName":"CAN BUS","typeOfDevice":"Actuator","driverVersion":"2020.03.01","supportEMail":"autonomous@vehicle.com","serialNumber":"3423-432-423","macAddress":"3D:F2:C9:A6:B3:4F"},"57659bb0978d410b3b78a892c604ccb4":{"deviceName":"CAN BUS","typeOfDevice":"Actuator","driverVersion":"2020.03.01","supportEMail":"autonomous@vehicle.com","serialNumber":"3423-432-423","macAddress":"3D:F2:C9:A6:B3:4F"},"dae6f1df1e4110504581ac862061e909":{"deviceName":"LIDAR","typeOfDevice":"Sensor","driverVersion":"2020.03.01","supportEMail":"autonomous@vehicle.com","serialNumber":"3423432423","macAddress":"3D:F2:C9:A6:B3:4F"},"63cfcfd7480a166a541aef60923b9659":{"deviceName":"LIDAR","typeOfDevice":"Sensor","driverVersion":"2020.03.01","supportEMail":"autonomous@vehicle.com","serialNumber":"3423432423","macAddress":"3D:F2:C9:A6:B3:4F"},"4c4248a35f0a3b2ff09b437610a2ea3e":{"deviceName":"CAN BUS","typeOfDevice":"Actuator","driverVersion":"2020.03.01","supportEMail":"autonomous@vehicle.com","serialNumber":"342-343-2423","macAddress":"AB:00:CD:34:54:AB"}}